Location,Weather,Vehicle_Type,Injuries_severity,Road_Condition,Time
Location_1,Snow,Motorcycle,7,Icy,1970-01-01 14:00:00
Location_2,Clear,Truck,8,Dry,1970-01-01 08:00:00
Location_3,Snow,Truck,1,Icy,1970-01-01 08:00:00
Location_4,Clear,Car,8,Dry,1970-01-01 06:00:00
Location_5,Snow,Truck,4,Icy,1970-01-01 01:00:00
Location_6,Snow,Truck,7,Dry,1970-01-01 06:00:00
Location_7,Clear,Motorcycle,6,Wet,1970-01-01 08:00:00
Location_8,Snow,Truck,6,Dry,1970-01-01 17:00:00
Location_9,Rain,Motorcycle,3,Wet,1970-01-01 22:00:00
Location_10,Clear,Truck,1,Icy,1970-01-01 11:00:00
Location_11,Rain,Truck,4,Wet,1970-01-01 06:00:00
Location_12,Clear,Truck,2,Wet,1970-01-01 18:00:00
Location_13,Snow,Car,8,Wet,1970-01-01 21:00:00
Location_14,Snow,Motorcycle,5,Icy,1970-01-01 23:00:00
Location_15,Snow,Car,0,Dry,1970-01-01 15:00:00
Location_16,Clear,Truck,2,Wet,1970-01-01 07:00:00
Location_17,Rain,Car,3,Icy,1970-01-01 18:00:00
Location_18,Rain,Motorcycle,8,Wet,1970-01-01 05:00:00
Location_19,Clear,Truck,5,Dry,1970-01-01 01:00:00
Location_20,Clear,Car,3,Wet,1970-01-01 01:00:00
Location_21,Rain,Car,0,Wet,1970-01-01 07:00:00
Location_22,Rain,Motorcycle,7,Wet,1970-01-01 09:00:00
Location_23,Rain,Car,1,Dry,1970-01-01 20:00:00
Location_24,Rain,Motorcycle,7,Dry,1970-01-01 20:00:00
Location_25,Clear,Truck,5,Icy,1970-01-01 10:00:00
Location_26,Clear,Truck,7,Wet,1970-01-01 19:00:00
Location_27,Snow,Car,5,Wet,1970-01-01 19:00:00
Location_28,Rain,Truck,4,Wet,1970-01-01 23:00:00
Location_29,Snow,Truck,4,Wet,1970-01-01 02:00:00
Location_30,Clear,Car,9,Dry,1970-01-01 15:00:00
Location_31,Clear,Truck,9,Dry,1970-01-01 02:00:00
Location_32,Snow,Car,7,Wet,1970-01-01 07:00:00
Location_33,Rain,Motorcycle,6,Wet,1970-01-01 18:00:00
Location_34,Rain,Motorcycle,7,Wet,1970-01-01 11:00:00
Location_35,Rain,Motorcycle,7,Wet,1970-01-01 17:00:00
Location_36,Rain,Car,6,Icy,1970-01-01 12:00:00
Location_37,Snow,Car,1,Icy,1970-01-01 10:00:00
Location_38,Snow,Truck,8,Wet,1970-01-01 12:00:00
Location_39,Clear,Truck,6,Wet,1970-01-01 20:00:00
Location_40,Rain,Truck,5,Wet,1970-01-01 02:00:00
Location_41,Rain,Truck,8,Icy,1970-01-01 05:00:00
Location_42,Rain,Truck,0,Dry,1970-01-01 22:00:00
Location_43,Snow,Car,1,Icy,1970-01-01 02:00:00
Location_44,Rain,Car,0,Icy,1970-01-01 00:00:00
Location_45,Snow,Motorcycle,9,Wet,1970-01-01 13:00:00
Location_46,Rain,Motorcycle,2,Wet,1970-01-01 22:00:00
Location_47,Rain,Motorcycle,4,Dry,1970-01-01 19:00:00
Location_48,Clear,Motorcycle,0,Wet,1970-01-01 06:00:00
Location_49,Rain,Car,3,Wet,1970-01-01 08:00:00
Location_50,Rain,Car,7,Dry,1970-01-01 00:00:00
Location_51,Clear,Car,5,Wet,1970-01-01 09:00:00
Location_52,Snow,Truck,0,Wet,1970-01-01 12:00:00
Location_53,Snow,Truck,0,Wet,1970-01-01 11:00:00
Location_54,Rain,Motorcycle,2,Icy,1970-01-01 03:00:00
Location_55,Snow,Truck,9,Wet,1970-01-01 06:00:00
Location_56,Rain,Car,7,Icy,1970-01-01 09:00:00
Location_57,Clear,Motorcycle,7,Wet,1970-01-01 21:00:00
Location_58,Clear,Motorcycle,2,Wet,1970-01-01 06:00:00
Location_59,Rain,Truck,6,Icy,1970-01-01 14:00:00
Location_60,Clear,Motorcycle,2,Icy,1970-01-01 18:00:00
Location_61,Clear,Truck,3,Wet,1970-01-01 06:00:00
Location_62,Rain,Truck,8,Dry,1970-01-01 13:00:00
Location_63,Rain,Motorcycle,3,Wet,1970-01-01 20:00:00
Location_64,Clear,Truck,2,Icy,1970-01-01 13:00:00
Location_65,Snow,Truck,4,Wet,1970-01-01 17:00:00
Location_66,Snow,Truck,6,Wet,1970-01-01 09:00:00
Location_67,Rain,Truck,4,Icy,1970-01-01 02:00:00
Location_68,Rain,Motorcycle,3,Dry,1970-01-01 05:00:00
Location_69,Snow,Car,7,Dry,1970-01-01 21:00:00
Location_70,Clear,Car,3,Icy,1970-01-01 22:00:00
Location_71,Snow,Truck,1,Icy,1970-01-01 21:00:00
Location_72,Snow,Truck,9,Wet,1970-01-01 08:00:00
Location_73,Snow,Truck,5,Icy,1970-01-01 13:00:00
Location_74,Snow,Car,1,Icy,1970-01-01 20:00:00
Location_75,Rain,Truck,2,Wet,1970-01-01 20:00:00
Location_76,Rain,Motorcycle,0,Wet,1970-01-01 23:00:00
Location_77,Clear,Motorcycle,4,Wet,1970-01-01 07:00:00
Location_78,Clear,Motorcycle,8,Dry,1970-01-01 00:00:00
Location_79,Clear,Car,1,Dry,1970-01-01 02:00:00
Location_80,Clear,Truck,6,Icy,1970-01-01 21:00:00
Location_81,Snow,Truck,4,Wet,1970-01-01 05:00:00
Location_82,Rain,Truck,1,Icy,1970-01-01 00:00:00
Location_83,Rain,Car,7,Icy,1970-01-01 17:00:00
Location_84,Clear,Car,5,Dry,1970-01-01 09:00:00
Location_85,Clear,Car,3,Dry,1970-01-01 22:00:00
Location_86,Snow,Car,3,Icy,1970-01-01 16:00:00
Location_87,Snow,Motorcycle,1,Wet,1970-01-01 20:00:00
Location_88,Clear,Car,2,Dry,1970-01-01 00:00:00
Location_89,Rain,Car,6,Dry,1970-01-01 21:00:00
Location_90,Rain,Car,2,Dry,1970-01-01 22:00:00
Location_91,Rain,Truck,4,Icy,1970-01-01 07:00:00
Location_92,Clear,Truck,9,Dry,1970-01-01 11:00:00
Location_93,Rain,Truck,5,Wet,1970-01-01 18:00:00
Location_94,Snow,Motorcycle,5,Dry,1970-01-01 13:00:00
Location_95,Snow,Motorcycle,3,Icy,1970-01-01 18:00:00
Location_96,Clear,Car,5,Icy,1970-01-01 16:00:00
Location_97,Snow,Truck,2,Icy,1970-01-01 15:00:00
Location_98,Clear,Motorcycle,6,Icy,1970-01-01 18:00:00
Location_99,Rain,Truck,6,Wet,1970-01-01 04:00:00
Location_100,Rain,Motorcycle,3,Icy,1970-01-01 21:00:00
Location_101,Rain,Motorcycle,1,Dry,1970-01-01 18:00:00
Location_102,Snow,Car,6,Wet,1970-01-01 03:00:00
Location_103,Clear,Car,2,Icy,1970-01-01 04:00:00
Location_104,Rain,Motorcycle,0,Icy,1970-01-01 04:00:00
Location_105,Clear,Car,1,Wet,1970-01-01 23:00:00
Location_106,Rain,Motorcycle,9,Dry,1970-01-01 00:00:00
Location_107,Snow,Motorcycle,8,Wet,1970-01-01 17:00:00
Location_108,Snow,Truck,7,Dry,1970-01-01 14:00:00
Location_109,Clear,Car,5,Dry,1970-01-01 20:00:00
Location_110,Snow,Car,5,Icy,1970-01-01 18:00:00
Location_111,Snow,Car,0,Wet,1970-01-01 22:00:00
Location_112,Clear,Truck,1,Wet,1970-01-01 13:00:00
Location_113,Rain,Truck,3,Icy,1970-01-01 05:00:00
Location_114,Snow,Truck,2,Icy,1970-01-01 17:00:00
Location_115,Clear,Car,0,Dry,1970-01-01 07:00:00
Location_116,Snow,Car,7,Icy,1970-01-01 04:00:00
Location_117,Snow,Car,6,Wet,1970-01-01 21:00:00
Location_118,Snow,Truck,3,Icy,1970-01-01 07:00:00
Location_119,Snow,Truck,8,Icy,1970-01-01 05:00:00
Location_120,Clear,Motorcycle,3,Icy,1970-01-01 09:00:00
Location_121,Clear,Truck,0,Icy,1970-01-01 02:00:00
Location_122,Clear,Motorcycle,9,Icy,1970-01-01 12:00:00
Location_123,Snow,Car,0,Dry,1970-01-01 06:00:00
Location_124,Snow,Truck,0,Icy,1970-01-01 03:00:00
Location_125,Snow,Car,0,Icy,1970-01-01 12:00:00
Location_126,Clear,Car,3,Wet,1970-01-01 05:00:00
Location_127,Snow,Car,0,Icy,1970-01-01 15:00:00
Location_128,Rain,Car,1,Wet,1970-01-01 21:00:00
Location_129,Snow,Truck,3,Wet,1970-01-01 20:00:00
Location_130,Rain,Car,6,Wet,1970-01-01 00:00:00
Location_131,Snow,Motorcycle,1,Wet,1970-01-01 23:00:00
Location_132,Clear,Truck,7,Dry,1970-01-01 12:00:00
Location_133,Snow,Car,6,Dry,1970-01-01 01:00:00
Location_134,Rain,Truck,8,Wet,1970-01-01 19:00:00
Location_135,Rain,Motorcycle,5,Dry,1970-01-01 18:00:00
Location_136,Snow,Car,3,Dry,1970-01-01 05:00:00
Location_137,Rain,Motorcycle,5,Icy,1970-01-01 10:00:00
Location_138,Rain,Car,3,Dry,1970-01-01 16:00:00
Location_139,Clear,Motorcycle,6,Wet,1970-01-01 08:00:00
Location_140,Snow,Car,8,Wet,1970-01-01 04:00:00
Location_141,Snow,Truck,2,Wet,1970-01-01 04:00:00
Location_142,Snow,Car,2,Wet,1970-01-01 15:00:00
Location_143,Rain,Truck,1,Icy,1970-01-01 03:00:00
Location_144,Snow,Car,0,Dry,1970-01-01 19:00:00
Location_145,Snow,Car,0,Wet,1970-01-01 12:00:00
Location_146,Clear,Motorcycle,2,Icy,1970-01-01 16:00:00
Location_147,Clear,Motorcycle,6,Wet,1970-01-01 08:00:00
Location_148,Clear,Motorcycle,8,Dry,1970-01-01 12:00:00
Location_149,Rain,Car,1,Icy,1970-01-01 15:00:00
Location_150,Snow,Car,6,Dry,1970-01-01 19:00:00
Location_151,Clear,Car,0,Icy,1970-01-01 09:00:00
Location_152,Clear,Truck,1,Wet,1970-01-01 09:00:00
Location_153,Clear,Truck,5,Wet,1970-01-01 19:00:00
Location_154,Snow,Car,4,Dry,1970-01-01 15:00:00
Location_155,Snow,Motorcycle,7,Dry,1970-01-01 22:00:00
Location_156,Snow,Motorcycle,1,Icy,1970-01-01 19:00:00
Location_157,Rain,Motorcycle,0,Dry,1970-01-01 00:00:00
Location_158,Rain,Car,6,Dry,1970-01-01 10:00:00
Location_159,Clear,Motorcycle,5,Wet,1970-01-01 12:00:00
Location_160,Snow,Car,7,Wet,1970-01-01 17:00:00
Location_161,Clear,Truck,7,Wet,1970-01-01 04:00:00
Location_162,Snow,Motorcycle,1,Wet,1970-01-01 03:00:00
Location_163,Snow,Truck,7,Wet,1970-01-01 23:00:00
Location_164,Snow,Motorcycle,5,Wet,1970-01-01 05:00:00
Location_165,Rain,Car,8,Wet,1970-01-01 14:00:00
Location_166,Rain,Car,6,Icy,1970-01-01 22:00:00
Location_167,Snow,Car,1,Wet,1970-01-01 01:00:00
Location_168,Clear,Car,7,Wet,1970-01-01 03:00:00
Location_169,Snow,Motorcycle,8,Wet,1970-01-01 13:00:00
Location_170,Snow,Truck,6,Wet,1970-01-01 03:00:00
Location_171,Clear,Car,3,Wet,1970-01-01 17:00:00
Location_172,Snow,Motorcycle,8,Dry,1970-01-01 19:00:00
Location_173,Clear,Truck,3,Dry,1970-01-01 15:00:00
Location_174,Rain,Car,3,Wet,1970-01-01 08:00:00
Location_175,Rain,Truck,8,Wet,1970-01-01 07:00:00
Location_176,Clear,Car,7,Wet,1970-01-01 10:00:00
Location_177,Rain,Truck,3,Icy,1970-01-01 13:00:00
Location_178,Rain,Truck,7,Wet,1970-01-01 16:00:00
Location_179,Clear,Car,7,Icy,1970-01-01 12:00:00
Location_180,Rain,Motorcycle,6,Icy,1970-01-01 07:00:00
Location_181,Snow,Truck,9,Wet,1970-01-01 13:00:00
Location_182,Snow,Car,5,Dry,1970-01-01 10:00:00
Location_183,Clear,Truck,7,Wet,1970-01-01 08:00:00
Location_184,Rain,Truck,6,Wet,1970-01-01 07:00:00
Location_185,Snow,Motorcycle,4,Dry,1970-01-01 13:00:00
Location_186,Snow,Truck,3,Dry,1970-01-01 14:00:00
Location_187,Rain,Truck,1,Wet,1970-01-01 00:00:00
Location_188,Rain,Car,7,Wet,1970-01-01 23:00:00
Location_189,Snow,Car,8,Icy,1970-01-01 11:00:00
Location_190,Snow,Motorcycle,3,Dry,1970-01-01 04:00:00
Location_191,Clear,Truck,3,Icy,1970-01-01 13:00:00
Location_192,Clear,Truck,4,Icy,1970-01-01 21:00:00
Location_193,Snow,Truck,1,Icy,1970-01-01 15:00:00
Location_194,Clear,Motorcycle,6,Icy,1970-01-01 18:00:00
Location_195,Snow,Truck,4,Dry,1970-01-01 15:00:00
Location_196,Snow,Car,5,Dry,1970-01-01 06:00:00
Location_197,Clear,Motorcycle,3,Dry,1970-01-01 02:00:00
Location_198,Clear,Car,7,Wet,1970-01-01 22:00:00
Location_199,Rain,Car,7,Icy,1970-01-01 07:00:00
Location_200,Rain,Motorcycle,4,Wet,1970-01-01 20:00:00
Location_201,Rain,Car,5,Dry,1970-01-01 20:00:00
Location_202,Snow,Truck,2,Dry,1970-01-01 13:00:00
Location_203,Clear,Motorcycle,0,Wet,1970-01-01 19:00:00
Location_204,Snow,Car,8,Icy,1970-01-01 02:00:00
Location_205,Clear,Truck,8,Dry,1970-01-01 23:00:00
Location_206,Snow,Truck,2,Icy,1970-01-01 10:00:00
Location_207,Rain,Car,3,Icy,1970-01-01 21:00:00
Location_208,Rain,Truck,6,Dry,1970-01-01 13:00:00
Location_209,Rain,Motorcycle,1,Wet,1970-01-01 21:00:00
Location_210,Snow,Car,2,Icy,1970-01-01 01:00:00
Location_211,Clear,Truck,5,Wet,1970-01-01 03:00:00
Location_212,Clear,Truck,7,Icy,1970-01-01 20:00:00
Location_213,Rain,Car,0,Icy,1970-01-01 04:00:00
Location_214,Rain,Car,3,Dry,1970-01-01 18:00:00
Location_215,Rain,Car,0,Wet,1970-01-01 09:00:00
Location_216,Rain,Car,1,Icy,1970-01-01 20:00:00
Location_217,Clear,Motorcycle,7,Wet,1970-01-01 20:00:00
Location_218,Snow,Car,5,Icy,1970-01-01 01:00:00
Location_219,Snow,Motorcycle,8,Wet,1970-01-01 20:00:00
Location_220,Snow,Motorcycle,1,Wet,1970-01-01 02:00:00
Location_221,Snow,Car,2,Dry,1970-01-01 14:00:00
Location_222,Rain,Motorcycle,8,Icy,1970-01-01 18:00:00
Location_223,Rain,Car,8,Icy,1970-01-01 20:00:00
Location_224,Rain,Car,5,Icy,1970-01-01 01:00:00
Location_225,Snow,Truck,2,Icy,1970-01-01 02:00:00
Location_226,Rain,Car,4,Dry,1970-01-01 11:00:00
Location_227,Rain,Truck,1,Dry,1970-01-01 22:00:00
Location_228,Clear,Motorcycle,6,Icy,1970-01-01 13:00:00
Location_229,Clear,Truck,9,Wet,1970-01-01 16:00:00
Location_230,Rain,Motorcycle,7,Dry,1970-01-01 15:00:00
Location_231,Clear,Car,5,Wet,1970-01-01 16:00:00
Location_232,Clear,Motorcycle,7,Wet,1970-01-01 23:00:00
Location_233,Rain,Motorcycle,1,Wet,1970-01-01 08:00:00
Location_234,Rain,Car,2,Icy,1970-01-01 02:00:00
Location_235,Rain,Motorcycle,6,Dry,1970-01-01 21:00:00
Location_236,Rain,Car,9,Icy,1970-01-01 13:00:00
Location_237,Snow,Truck,0,Wet,1970-01-01 02:00:00
Location_238,Snow,Car,6,Icy,1970-01-01 05:00:00
Location_239,Rain,Car,5,Wet,1970-01-01 22:00:00
Location_240,Clear,Motorcycle,7,Icy,1970-01-01 20:00:00
Location_241,Rain,Truck,6,Icy,1970-01-01 18:00:00
Location_242,Rain,Car,3,Dry,1970-01-01 23:00:00
Location_243,Clear,Truck,2,Dry,1970-01-01 12:00:00
Location_244,Snow,Truck,2,Wet,1970-01-01 04:00:00
Location_245,Rain,Motorcycle,3,Wet,1970-01-01 00:00:00
Location_246,Rain,Car,8,Wet,1970-01-01 11:00:00
Location_247,Snow,Motorcycle,8,Icy,1970-01-01 14:00:00
Location_248,Snow,Car,1,Wet,1970-01-01 18:00:00
Location_249,Clear,Truck,4,Dry,1970-01-01 01:00:00
Location_250,Snow,Car,0,Wet,1970-01-01 02:00:00
Location_251,Snow,Car,3,Wet,1970-01-01 06:00:00
Location_252,Snow,Truck,1,Icy,1970-01-01 10:00:00
Location_253,Clear,Truck,7,Dry,1970-01-01 09:00:00
Location_254,Snow,Car,3,Wet,1970-01-01 07:00:00
Location_255,Snow,Motorcycle,4,Dry,1970-01-01 01:00:00
Location_256,Clear,Car,3,Wet,1970-01-01 13:00:00
Location_257,Snow,Truck,4,Dry,1970-01-01 12:00:00
Location_258,Snow,Motorcycle,4,Wet,1970-01-01 06:00:00
Location_259,Clear,Truck,4,Wet,1970-01-01 20:00:00
Location_260,Rain,Truck,2,Icy,1970-01-01 08:00:00
Location_261,Clear,Motorcycle,6,Icy,1970-01-01 06:00:00
Location_262,Snow,Truck,2,Dry,1970-01-01 00:00:00
Location_263,Snow,Truck,1,Dry,1970-01-01 00:00:00
Location_264,Snow,Truck,2,Dry,1970-01-01 05:00:00
Location_265,Clear,Truck,2,Dry,1970-01-01 00:00:00
Location_266,Snow,Truck,7,Icy,1970-01-01 15:00:00
Location_267,Snow,Truck,3,Dry,1970-01-01 02:00:00
Location_268,Clear,Truck,2,Wet,1970-01-01 12:00:00
Location_269,Rain,Truck,9,Wet,1970-01-01 20:00:00
Location_270,Rain,Truck,4,Wet,1970-01-01 03:00:00
Location_271,Snow,Car,3,Icy,1970-01-01 16:00:00
Location_272,Clear,Car,8,Dry,1970-01-01 09:00:00
Location_273,Snow,Truck,7,Wet,1970-01-01 03:00:00
Location_274,Clear,Car,6,Wet,1970-01-01 19:00:00
Location_275,Clear,Motorcycle,7,Icy,1970-01-01 11:00:00
Location_276,Rain,Car,4,Icy,1970-01-01 12:00:00
Location_277,Rain,Truck,3,Icy,1970-01-01 03:00:00
Location_278,Clear,Truck,6,Wet,1970-01-01 15:00:00
Location_279,Snow,Car,0,Icy,1970-01-01 18:00:00
Location_280,Rain,Truck,5,Wet,1970-01-01 06:00:00
Location_281,Snow,Motorcycle,7,Dry,1970-01-01 00:00:00
Location_282,Rain,Motorcycle,6,Wet,1970-01-01 15:00:00
Location_283,Rain,Truck,1,Dry,1970-01-01 01:00:00
Location_284,Snow,Motorcycle,6,Wet,1970-01-01 00:00:00
Location_285,Rain,Motorcycle,5,Dry,1970-01-01 13:00:00
Location_286,Rain,Car,4,Wet,1970-01-01 19:00:00
Location_287,Snow,Motorcycle,3,Wet,1970-01-01 04:00:00
Location_288,Rain,Car,0,Wet,1970-01-01 14:00:00
Location_289,Rain,Truck,1,Wet,1970-01-01 09:00:00
Location_290,Rain,Car,6,Icy,1970-01-01 20:00:00
Location_291,Snow,Truck,9,Wet,1970-01-01 01:00:00
Location_292,Clear,Truck,2,Wet,1970-01-01 10:00:00
Location_293,Snow,Truck,4,Icy,1970-01-01 15:00:00
Location_294,Clear,Truck,7,Icy,1970-01-01 18:00:00
Location_295,Rain,Truck,7,Icy,1970-01-01 03:00:00
Location_296,Clear,Car,5,Icy,1970-01-01 09:00:00
Location_297,Snow,Truck,4,Icy,1970-01-01 21:00:00
Location_298,Snow,Motorcycle,1,Icy,1970-01-01 21:00:00
Location_299,Rain,Motorcycle,8,Icy,1970-01-01 11:00:00
Location_300,Clear,Truck,0,Icy,1970-01-01 01:00:00
Location_301,Rain,Motorcycle,1,Icy,1970-01-01 01:00:00
Location_302,Rain,Car,0,Icy,1970-01-01 08:00:00
Location_303,Snow,Car,3,Icy,1970-01-01 11:00:00
Location_304,Clear,Truck,3,Dry,1970-01-01 01:00:00
Location_305,Clear,Truck,4,Wet,1970-01-01 17:00:00
Location_306,Clear,Truck,4,Wet,1970-01-01 15:00:00
Location_307,Clear,Motorcycle,7,Icy,1970-01-01 18:00:00
Location_308,Rain,Motorcycle,2,Icy,1970-01-01 14:00:00
Location_309,Rain,Car,5,Dry,1970-01-01 15:00:00
Location_310,Snow,Motorcycle,2,Icy,1970-01-01 05:00:00
Location_311,Rain,Car,1,Dry,1970-01-01 14:00:00
Location_312,Rain,Motorcycle,7,Wet,1970-01-01 11:00:00
Location_313,Snow,Car,0,Wet,1970-01-01 21:00:00
Location_314,Snow,Truck,8,Icy,1970-01-01 11:00:00
Location_315,Snow,Motorcycle,6,Dry,1970-01-01 09:00:00
Location_316,Rain,Car,9,Dry,1970-01-01 20:00:00
Location_317,Rain,Motorcycle,3,Wet,1970-01-01 14:00:00
Location_318,Snow,Truck,2,Wet,1970-01-01 22:00:00
Location_319,Snow,Car,5,Dry,1970-01-01 03:00:00
Location_320,Snow,Motorcycle,8,Dry,1970-01-01 09:00:00
Location_321,Rain,Motorcycle,8,Wet,1970-01-01 18:00:00
Location_322,Rain,Truck,3,Dry,1970-01-01 22:00:00
Location_323,Clear,Truck,9,Wet,1970-01-01 13:00:00
Location_324,Rain,Car,4,Dry,1970-01-01 09:00:00
Location_325,Rain,Motorcycle,8,Icy,1970-01-01 16:00:00
Location_326,Rain,Motorcycle,1,Wet,1970-01-01 21:00:00
Location_327,Snow,Truck,1,Dry,1970-01-01 10:00:00
Location_328,Rain,Truck,4,Wet,1970-01-01 17:00:00
Location_329,Snow,Car,0,Dry,1970-01-01 01:00:00
Location_330,Clear,Motorcycle,7,Icy,1970-01-01 10:00:00
Location_331,Clear,Motorcycle,4,Icy,1970-01-01 07:00:00
Location_332,Snow,Car,9,Icy,1970-01-01 18:00:00
Location_333,Snow,Car,1,Wet,1970-01-01 15:00:00
Location_334,Snow,Truck,8,Icy,1970-01-01 03:00:00
Location_335,Rain,Truck,1,Wet,1970-01-01 13:00:00
Location_336,Clear,Car,6,Icy,1970-01-01 21:00:00
Location_337,Snow,Car,7,Wet,1970-01-01 16:00:00
Location_338,Rain,Motorcycle,5,Icy,1970-01-01 10:00:00
Location_339,Clear,Car,6,Dry,1970-01-01 02:00:00
Location_340,Rain,Car,0,Dry,1970-01-01 03:00:00
Location_341,Clear,Motorcycle,3,Wet,1970-01-01 20:00:00
Location_342,Rain,Car,6,Icy,1970-01-01 12:00:00
Location_343,Clear,Truck,0,Icy,1970-01-01 16:00:00
Location_344,Clear,Truck,0,Dry,1970-01-01 19:00:00
Location_345,Rain,Motorcycle,5,Icy,1970-01-01 20:00:00
Location_346,Snow,Car,3,Icy,1970-01-01 19:00:00
Location_347,Clear,Truck,2,Wet,1970-01-01 09:00:00
Location_348,Snow,Truck,4,Dry,1970-01-01 22:00:00
Location_349,Rain,Truck,8,Icy,1970-01-01 23:00:00
Location_350,Snow,Truck,9,Icy,1970-01-01 11:00:00
Location_351,Snow,Car,9,Wet,1970-01-01 07:00:00
Location_352,Snow,Car,9,Wet,1970-01-01 02:00:00
Location_353,Snow,Car,2,Wet,1970-01-01 20:00:00
Location_354,Snow,Car,4,Wet,1970-01-01 09:00:00
Location_355,Clear,Truck,9,Icy,1970-01-01 23:00:00
Location_356,Clear,Motorcycle,4,Icy,1970-01-01 06:00:00
Location_357,Clear,Motorcycle,8,Icy,1970-01-01 09:00:00
Location_358,Rain,Truck,9,Wet,1970-01-01 06:00:00
Location_359,Snow,Truck,3,Icy,1970-01-01 17:00:00
Location_360,Clear,Motorcycle,0,Dry,1970-01-01 19:00:00
Location_361,Rain,Motorcycle,9,Dry,1970-01-01 13:00:00
Location_362,Clear,Truck,4,Icy,1970-01-01 11:00:00
Location_363,Clear,Truck,0,Wet,1970-01-01 07:00:00
Location_364,Snow,Car,5,Dry,1970-01-01 06:00:00
Location_365,Rain,Car,9,Icy,1970-01-01 04:00:00
Location_366,Snow,Motorcycle,9,Dry,1970-01-01 00:00:00
Location_367,Snow,Truck,6,Dry,1970-01-01 14:00:00
Location_368,Clear,Motorcycle,0,Dry,1970-01-01 08:00:00
Location_369,Snow,Car,9,Dry,1970-01-01 11:00:00
Location_370,Rain,Car,3,Icy,1970-01-01 21:00:00
Location_371,Snow,Motorcycle,8,Dry,1970-01-01 17:00:00
Location_372,Snow,Car,0,Icy,1970-01-01 10:00:00
Location_373,Snow,Truck,8,Dry,1970-01-01 09:00:00
Location_374,Clear,Motorcycle,7,Dry,1970-01-01 09:00:00
Location_375,Rain,Truck,4,Dry,1970-01-01 17:00:00
Location_376,Clear,Truck,5,Icy,1970-01-01 00:00:00
Location_377,Clear,Car,6,Dry,1970-01-01 19:00:00
Location_378,Clear,Truck,3,Dry,1970-01-01 10:00:00
Location_379,Clear,Motorcycle,5,Wet,1970-01-01 01:00:00
Location_380,Clear,Truck,6,Dry,1970-01-01 10:00:00
Location_381,Rain,Truck,5,Wet,1970-01-01 01:00:00
Location_382,Snow,Truck,5,Icy,1970-01-01 08:00:00
Location_383,Clear,Truck,1,Dry,1970-01-01 00:00:00
Location_384,Clear,Truck,4,Dry,1970-01-01 22:00:00
Location_385,Rain,Car,2,Wet,1970-01-01 05:00:00
Location_386,Rain,Motorcycle,6,Wet,1970-01-01 21:00:00
Location_387,Snow,Car,3,Dry,1970-01-01 01:00:00
Location_388,Rain,Motorcycle,0,Icy,1970-01-01 14:00:00
Location_389,Snow,Motorcycle,5,Wet,1970-01-01 00:00:00
Location_390,Clear,Motorcycle,5,Dry,1970-01-01 23:00:00
Location_391,Clear,Motorcycle,6,Wet,1970-01-01 23:00:00
Location_392,Snow,Motorcycle,7,Icy,1970-01-01 17:00:00
Location_393,Rain,Truck,2,Wet,1970-01-01 03:00:00
Location_394,Snow,Car,5,Dry,1970-01-01 12:00:00
Location_395,Rain,Car,9,Wet,1970-01-01 03:00:00
Location_396,Clear,Truck,1,Icy,1970-01-01 14:00:00
Location_397,Rain,Motorcycle,8,Dry,1970-01-01 01:00:00
Location_398,Snow,Car,1,Dry,1970-01-01 08:00:00
Location_4450,Clear,Car,3,Dry,1970-01-01 17:00:00
Location_4451,Rain,Truck,4,Dry,1970-01-01 06:00:00
Location_4452,Clear,Motorcycle,6,Icy,1970-01-01 13:00:00
Location_4453,Clear,Motorcycle,8,Wet,1970-01-01 04:00:00
Location_4454,Rain,Car,1,Wet,1970-01-01 08:00:00
Location_4455,Clear,Car,7,Icy,1970-01-01 21:00:00
Location_4456,Rain,Car,2,Icy,1970-01-01 16:00:00
Location_4457,Rain,Motorcycle,8,Dry,1970-01-01 04:00:00
Location_4458,Clear,Motorcycle,9,Icy,1970-01-01 15:00:00
Location_4459,Snow,Motorcycle,3,Dry,1970-01-01 08:00:00
Location_4460,Snow,Truck,2,Dry,1970-01-01 16:00:00
Location_4461,Rain,Truck,9,Dry,1970-01-01 17:00:00
Location_4462,Snow,Car,5,Wet,1970-01-01 02:00:00
Location_4463,Snow,Motorcycle,9,Wet,1970-01-01 04:00:00
Location_4464,Clear,Car,8,Dry,1970-01-01 21:00:00
Location_4465,Rain,Motorcycle,6,Icy,1970-01-01 20:00:00
Location_4466,Rain,Car,3,Wet,1970-01-01 16:00:00
Location_4467,Clear,Truck,2,Wet,1970-01-01 19:00:00
Location_4468,Snow,Motorcycle,9,Icy,1970-01-01 21:00:00
Location_4469,Rain,Truck,3,Wet,1970-01-01 03:00:00
Location_4470,Snow,Motorcycle,2,Icy,1970-01-01 03:00:00
Location_4471,Rain,Car,2,Icy,1970-01-01 20:00:00
Location_4472,Rain,Motorcycle,8,Wet,1970-01-01 23:00:00
Location_4473,Rain,Truck,3,Icy,1970-01-01 20:00:00
Location_4474,Rain,Motorcycle,8,Icy,1970-01-01 06:00:00
Location_4475,Snow,Car,9,Dry,1970-01-01 07:00:00
Location_4476,Snow,Motorcycle,4,Dry,1970-01-01 21:00:00
Location_4477,Snow,Truck,6,Wet,1970-01-01 21:00:00
Location_4478,Snow,Car,4,Icy,1970-01-01 01:00:00
Location_4479,Clear,Truck,0,Wet,1970-01-01 09:00:00
Location_4480,Rain,Motorcycle,1,Wet,1970-01-01 04:00:00
Location_4481,Rain,Truck,4,Dry,1970-01-01 16:00:00
Location_4482,Rain,Motorcycle,5,Icy,1970-01-01 06:00:00
Location_4483,Clear,Car,6,Wet,1970-01-01 01:00:00
Location_4484,Snow,Truck,1,Wet,1970-01-01 05:00:00
Location_4485,Rain,Truck,9,Dry,1970-01-01 09:00:00
Location_4486,Snow,Motorcycle,8,Dry,1970-01-01 08:00:00
Location_4487,Snow,Truck,5,Dry,1970-01-01 04:00:00
Location_4488,Clear,Truck,1,Wet,1970-01-01 02:00:00
Location_4489,Clear,Car,1,Icy,1970-01-01 10:00:00
Location_4490,Snow,Motorcycle,2,Dry,1970-01-01 09:00:00
Location_4491,Rain,Motorcycle,0,Dry,1970-01-01 15:00:00
Location_4492,Rain,Car,8,Icy,1970-01-01 19:00:00
Location_4493,Clear,Car,9,Wet,1970-01-01 18:00:00
Location_4494,Clear,Motorcycle,3,Wet,1970-01-01 00:00:00
Location_4495,Clear,Car,4,Icy,1970-01-01 10:00:00
Location_4496,Clear,Car,6,Dry,1970-01-01 14:00:00
Location_4497,Clear,Car,0,Icy,1970-01-01 06:00:00
Location_4498,Clear,Motorcycle,2,Wet,1970-01-01 07:00:00
Location_4499,Clear,Car,2,Wet,1970-01-01 15:00:00
Location_4500,Rain,Truck,1,Dry,1970-01-01 17:00:00
Location_4501,Clear,Truck,7,Dry,1970-01-01 23:00:00
Location_4502,Clear,Motorcycle,4,Icy,1970-01-01 22:00:00
Location_4503,Rain,Car,0,Wet,1970-01-01 10:00:00
Location_4504,Rain,Truck,1,Wet,1970-01-01 00:00:00
Location_4505,Snow,Motorcycle,0,Icy,1970-01-01 15:00:00
Location_4506,Clear,Truck,5,Dry,1970-01-01 03:00:00
Location_4507,Clear,Car,8,Wet,1970-01-01 22:00:00
Location_4508,Clear,Motorcycle,6,Wet,1970-01-01 05:00:00
Location_4509,Clear,Truck,4,Dry,1970-01-01 10:00:00
Location_4510,Snow,Motorcycle,2,Wet,1970-01-01 23:00:00
Location_4511,Rain,Truck,7,Dry,1970-01-01 05:00:00
Location_4512,Rain,Truck,9,Icy,1970-01-01 09:00:00
Location_4513,Clear,Car,3,Dry,1970-01-01 05:00:00
Location_4514,Clear,Car,8,Dry,1970-01-01 09:00:00
Location_4515,Clear,Truck,4,Icy,1970-01-01 21:00:00
Location_4516,Snow,Motorcycle,5,Wet,1970-01-01 22:00:00
Location_4517,Snow,Motorcycle,4,Wet,1970-01-01 04:00:00
Location_4518,Rain,Car,9,Dry,1970-01-01 08:00:00
Location_4519,Clear,Truck,6,Dry,1970-01-01 06:00:00
Location_4520,Clear,Car,6,Icy,1970-01-01 16:00:00
Location_4521,Clear,Truck,0,Icy,1970-01-01 11:00:00
Location_4522,Clear,Truck,1,Wet,1970-01-01 10:00:00
Location_4523,Snow,Car,6,Wet,1970-01-01 05:00:00
Location_4524,Rain,Motorcycle,7,Icy,1970-01-01 23:00:00
Location_4525,Rain,Car,3,Dry,1970-01-01 10:00:00
Location_4526,Snow,Truck,5,Icy,1970-01-01 10:00:00
Location_4527,Clear,Car,9,Wet,1970-01-01 13:00:00
Location_4528,Rain,Motorcycle,2,Dry,1970-01-01 15:00:00
Location_4529,Rain,Motorcycle,6,Icy,1970-01-01 01:00:00
Location_4530,Snow,Truck,2,Wet,1970-01-01 01:00:00
Location_4531,Clear,Car,6,Dry,1970-01-01 04:00:00
Location_4532,Rain,Motorcycle,7,Dry,1970-01-01 13:00:00
Location_4533,Clear,Car,2,Dry,1970-01-01 20:00:00
Location_4534,Rain,Motorcycle,1,Dry,1970-01-01 09:00:00
Location_4535,Snow,Truck,5,Dry,1970-01-01 09:00:00
Location_4536,Clear,Truck,3,Icy,1970-01-01 17:00:00
Location_4537,Snow,Car,7,Dry,1970-01-01 19:00:00
Location_4538,Rain,Truck,1,Icy,1970-01-01 08:00:00
Location_4539,Snow,Motorcycle,3,Dry,1970-01-01 03:00:00
Location_4540,Snow,Truck,1,Wet,1970-01-01 16:00:00
Location_4541,Snow,Motorcycle,1,Dry,1970-01-01 20:00:00
Location_4542,Rain,Motorcycle,1,Icy,1970-01-01 01:00:00
Location_4543,Clear,Truck,0,Wet,1970-01-01 13:00:00
Location_4544,Snow,Motorcycle,3,Wet,1970-01-01 21:00:00
Location_4545,Clear,Motorcycle,1,Icy,1970-01-01 00:00:00
Location_4546,Rain,Car,8,Wet,1970-01-01 22:00:00
Location_4547,Clear,Car,8,Icy,1970-01-01 06:00:00
Location_4548,Snow,Car,6,Dry,1970-01-01 03:00:00
Location_4549,Snow,Truck,5,Dry,1970-01-01 08:00:00
Location_4550,Snow,Car,2,Icy,1970-01-01 02:00:00
Location_4551,Snow,Motorcycle,6,Dry,1970-01-01 04:00:00
Location_4552,Snow,Truck,0,Wet,1970-01-01 20:00:00
Location_4553,Snow,Truck,8,Dry,1970-01-01 23:00:00
Location_4554,Rain,Truck,3,Dry,1970-01-01 09:00:00
Location_4555,Rain,Truck,5,Wet,1970-01-01 09:00:00
Location_4556,Rain,Motorcycle,5,Wet,1970-01-01 03:00:00
Location_4557,Clear,Motorcycle,2,Dry,1970-01-01 16:00:00
Location_4558,Clear,Car,3,Dry,1970-01-01 20:00:00
Location_4559,Rain,Truck,9,Dry,1970-01-01 16:00:00
Location_4560,Clear,Car,2,Icy,1970-01-01 18:00:00
Location_4561,Clear,Motorcycle,5,Icy,1970-01-01 05:00:00
Location_4562,Snow,Truck,0,Dry,1970-01-01 00:00:00
Location_4563,Snow,Motorcycle,7,Dry,1970-01-01 13:00:00
Location_4564,Clear,Car,7,Wet,1970-01-01 12:00:00
Location_4565,Clear,Motorcycle,8,Dry,1970-01-01 02:00:00
Location_4566,Rain,Truck,5,Dry,1970-01-01 22:00:00
Location_4567,Clear,Truck,0,Icy,1970-01-01 01:00:00
Location_4568,Snow,Car,2,Icy,1970-01-01 21:00:00
Location_4569,Clear,Truck,0,Icy,1970-01-01 06:00:00
Location_4570,Rain,Motorcycle,4,Wet,1970-01-01 11:00:00
Location_4571,Snow,Motorcycle,2,Dry,1970-01-01 01:00:00
Location_4572,Snow,Motorcycle,1,Icy,1970-01-01 10:00:00
Location_4573,Snow,Motorcycle,2,Wet,1970-01-01 15:00:00
Location_4574,Snow,Car,8,Dry,1970-01-01 04:00:00
Location_4575,Clear,Motorcycle,7,Dry,1970-01-01 16:00:00
Location_4576,Rain,Car,2,Wet,1970-01-01 02:00:00
Location_4577,Clear,Motorcycle,1,Dry,1970-01-01 13:00:00
Location_4578,Clear,Car,4,Wet,1970-01-01 15:00:00
Location_4579,Snow,Motorcycle,0,Wet,1970-01-01 16:00:00
Location_4580,Rain,Motorcycle,3,Icy,1970-01-01 18:00:00
Location_4581,Snow,Car,7,Wet,1970-01-01 03:00:00
Location_4582,Clear,Truck,0,Icy,1970-01-01 20:00:00
Location_4583,Clear,Truck,4,Dry,1970-01-01 19:00:00
Location_4584,Snow,Truck,3,Icy,1970-01-01 19:00:00
Location_4585,Clear,Car,5,Wet,1970-01-01 08:00:00
Location_4586,Clear,Truck,6,Icy,1970-01-01 10:00:00
Location_4587,Snow,Truck,8,Dry,1970-01-01 04:00:00
Location_4588,Clear,Car,0,Icy,1970-01-01 10:00:00
Location_4589,Rain,Truck,9,Dry,1970-01-01 12:00:00
Location_4590,Snow,Truck,3,Wet,1970-01-01 20:00:00
Location_4591,Rain,Truck,5,Icy,1970-01-01 01:00:00
Location_4592,Clear,Car,9,Dry,1970-01-01 21:00:00
Location_4593,Clear,Car,6,Dry,1970-01-01 01:00:00
Location_4594,Snow,Truck,6,Icy,1970-01-01 09:00:00
Location_4595,Clear,Truck,7,Icy,1970-01-01 12:00:00
Location_4596,Snow,Car,9,Icy,1970-01-01 04:00:00
Location_4597,Snow,Truck,7,Icy,1970-01-01 10:00:00
Location_4598,Snow,Car,7,Icy,1970-01-01 14:00:00
Location_4599,Snow,Truck,7,Dry,1970-01-01 04:00:00
Location_4600,Snow,Car,7,Wet,1970-01-01 19:00:00
Location_4601,Rain,Motorcycle,5,Dry,1970-01-01 04:00:00
Location_4602,Snow,Motorcycle,8,Icy,1970-01-01 06:00:00
Location_4603,Rain,Car,2,Icy,1970-01-01 09:00:00
Location_4604,Clear,Motorcycle,5,Wet,1970-01-01 01:00:00
Location_4605,Snow,Truck,4,Icy,1970-01-01 00:00:00
Location_4606,Clear,Car,7,Wet,1970-01-01 19:00:00
Location_4607,Snow,Car,3,Icy,1970-01-01 22:00:00
Location_4608,Rain,Truck,3,Dry,1970-01-01 00:00:00
Location_4609,Rain,Truck,9,Wet,1970-01-01 03:00:00
Location_4610,Rain,Car,9,Dry,1970-01-01 14:00:00
Location_4611,Clear,Truck,4,Icy,1970-01-01 14:00:00
Location_4612,Snow,Car,5,Dry,1970-01-01 05:00:00
Location_4613,Clear,Truck,3,Dry,1970-01-01 05:00:00
Location_4614,Rain,Car,1,Dry,1970-01-01 00:00:00
Location_4615,Clear,Truck,1,Wet,1970-01-01 06:00:00
Location_4616,Rain,Truck,2,Wet,1970-01-01 04:00:00
Location_4617,Rain,Motorcycle,1,Wet,1970-01-01 21:00:00
Location_4618,Rain,Motorcycle,0,Dry,1970-01-01 16:00:00
Location_4619,Snow,Motorcycle,7,Dry,1970-01-01 06:00:00
Location_4620,Snow,Truck,4,Icy,1970-01-01 03:00:00
Location_4621,Rain,Car,9,Wet,1970-01-01 02:00:00
Location_4622,Clear,Truck,0,Icy,1970-01-01 11:00:00
Location_4623,Clear,Motorcycle,8,Dry,1970-01-01 14:00:00
Location_4624,Snow,Truck,7,Wet,1970-01-01 19:00:00
Location_4625,Rain,Motorcycle,3,Icy,1970-01-01 08:00:00
Location_4626,Clear,Motorcycle,7,Dry,1970-01-01 20:00:00
Location_4627,Rain,Car,9,Dry,1970-01-01 11:00:00
Location_4628,Clear,Car,6,Dry,1970-01-01 04:00:00
Location_4629,Snow,Motorcycle,6,Wet,1970-01-01 07:00:00
Location_4630,Rain,Motorcycle,0,Wet,1970-01-01 14:00:00
Location_4631,Rain,Truck,5,Icy,1970-01-01 06:00:00
Location_4632,Clear,Motorcycle,3,Dry,1970-01-01 18:00:00
Location_4633,Clear,Truck,9,Wet,1970-01-01 12:00:00
Location_4634,Clear,Motorcycle,9,Wet,1970-01-01 00:00:00
Location_4635,Rain,Car,9,Dry,1970-01-01 10:00:00
Location_4636,Snow,Car,1,Dry,1970-01-01 12:00:00
Location_4637,Snow,Motorcycle,9,Icy,1970-01-01 01:00:00
Location_4638,Clear,Truck,6,Icy,1970-01-01 18:00:00
Location_4639,Snow,Truck,8,Icy,1970-01-01 10:00:00
Location_4640,Clear,Truck,4,Wet,1970-01-01 00:00:00
Location_4641,Snow,Motorcycle,7,Wet,1970-01-01 00:00:00
Location_4642,Rain,Motorcycle,4,Wet,1970-01-01 07:00:00
Location_4643,Clear,Car,6,Wet,1970-01-01 12:00:00
Location_4644,Snow,Car,6,Wet,1970-01-01 07:00:00
Location_4645,Rain,Motorcycle,8,Dry,1970-01-01 01:00:00
Location_4646,Snow,Car,2,Icy,1970-01-01 07:00:00
Location_4647,Rain,Truck,0,Icy,1970-01-01 13:00:00
Location_4648,Rain,Truck,1,Icy,1970-01-01 01:00:00
Location_4649,Snow,Motorcycle,5,Icy,1970-01-01 12:00:00
Location_4650,Snow,Truck,9,Dry,1970-01-01 04:00:00
Location_4651,Rain,Motorcycle,9,Wet,1970-01-01 00:00:00
Location_4652,Rain,Truck,8,Wet,1970-01-01 08:00:00
Location_4653,Rain,Motorcycle,2,Wet,1970-01-01 19:00:00
Location_4654,Clear,Truck,9,Icy,1970-01-01 09:00:00
Location_4655,Rain,Truck,1,Icy,1970-01-01 10:00:00
Location_4656,Clear,Car,0,Dry,1970-01-01 17:00:00
Location_4657,Rain,Car,1,Dry,1970-01-01 16:00:00
Location_4658,Clear,Car,2,Wet,1970-01-01 05:00:00
Location_4659,Rain,Car,6,Wet,1970-01-01 10:00:00
Location_4660,Rain,Car,1,Wet,1970-01-01 23:00:00
Location_4661,Rain,Car,4,Wet,1970-01-01 03:00:00
Location_4662,Snow,Motorcycle,1,Wet,1970-01-01 00:00:00
Location_4663,Snow,Motorcycle,6,Wet,1970-01-01 00:00:00
Location_4664,Rain,Car,9,Icy,1970-01-01 21:00:00
Location_4665,Clear,Motorcycle,7,Dry,1970-01-01 17:00:00
Location_4666,Clear,Car,7,Dry,1970-01-01 04:00:00
Location_4667,Rain,Motorcycle,7,Icy,1970-01-01 15:00:00
Location_4668,Snow,Truck,9,Wet,1970-01-01 01:00:00
Location_4669,Clear,Motorcycle,8,Wet,1970-01-01 08:00:00
Location_4670,Snow,Motorcycle,0,Wet,1970-01-01 01:00:00
Location_4671,Clear,Motorcycle,0,Dry,1970-01-01 04:00:00
Location_4672,Rain,Truck,9,Dry,1970-01-01 19:00:00
Location_4673,Snow,Car,1,Wet,1970-01-01 16:00:00
Location_4674,Clear,Motorcycle,5,Wet,1970-01-01 18:00:00
Location_4675,Rain,Motorcycle,0,Icy,1970-01-01 09:00:00
Location_4676,Rain,Truck,4,Wet,1970-01-01 07:00:00
Location_4677,Rain,Car,4,Icy,1970-01-01 19:00:00
Location_4678,Snow,Motorcycle,3,Wet,1970-01-01 10:00:00
Location_4679,Snow,Truck,4,Wet,1970-01-01 12:00:00
Location_4680,Rain,Car,0,Wet,1970-01-01 12:00:00
Location_4681,Snow,Car,5,Icy,1970-01-01 08:00:00
Location_4682,Clear,Motorcycle,6,Icy,1970-01-01 04:00:00
Location_4683,Rain,Motorcycle,7,Icy,1970-01-01 17:00:00
Location_4684,Rain,Motorcycle,1,Dry,1970-01-01 07:00:00
Location_4685,Snow,Motorcycle,6,Dry,1970-01-01 19:00:00
Location_4686,Rain,Truck,5,Wet,1970-01-01 13:00:00
Location_4687,Clear,Truck,8,Icy,1970-01-01 01:00:00
Location_4688,Snow,Motorcycle,7,Icy,1970-01-01 21:00:00
Location_4689,Snow,Car,3,Wet,1970-01-01 15:00:00
Location_4690,Rain,Motorcycle,8,Wet,1970-01-01 00:00:00
Location_4691,Rain,Car,0,Wet,1970-01-01 23:00:00
Location_4692,Rain,Car,5,Wet,1970-01-01 22:00:00
Location_4693,Snow,Car,7,Icy,1970-01-01 12:00:00
Location_4694,Rain,Truck,3,Dry,1970-01-01 17:00:00
Location_4695,Clear,Car,1,Icy,1970-01-01 00:00:00
Location_4696,Rain,Car,1,Dry,1970-01-01 06:00:00
Location_4697,Rain,Truck,9,Wet,1970-01-01 03:00:00
Location_4698,Snow,Car,0,Dry,1970-01-01 09:00:00
Location_4699,Rain,Car,4,Icy,1970-01-01 07:00:00
Location_4700,Snow,Motorcycle,5,Icy,1970-01-01 02:00:00
Location_4701,Rain,Car,3,Icy,1970-01-01 22:00:00
Location_4702,Clear,Car,3,Icy,1970-01-01 06:00:00
Location_4703,Clear,Car,4,Icy,1970-01-01 15:00:00
Location_4704,Snow,Car,4,Icy,1970-01-01 19:00:00
Location_4705,Snow,Car,8,Wet,1970-01-01 09:00:00
Location_4706,Rain,Truck,7,Dry,1970-01-01 12:00:00
Location_4707,Rain,Car,8,Wet,1970-01-01 00:00:00
Location_4708,Clear,Car,2,Dry,1970-01-01 06:00:00
Location_4709,Rain,Truck,2,Dry,1970-01-01 09:00:00
Location_4710,Clear,Truck,0,Dry,1970-01-01 11:00:00
Location_4711,Snow,Car,9,Icy,1970-01-01 13:00:00
Location_4712,Rain,Car,5,Icy,1970-01-01 21:00:00
Location_4713,Snow,Car,3,Icy,1970-01-01 10:00:00
Location_4714,Rain,Motorcycle,7,Dry,1970-01-01 16:00:00
Location_4715,Clear,Motorcycle,1,Dry,1970-01-01 08:00:00
Location_4716,Snow,Car,1,Dry,1970-01-01 07:00:00
Location_4717,Snow,Truck,6,Wet,1970-01-01 09:00:00
Location_4718,Rain,Car,4,Icy,1970-01-01 03:00:00
Location_4719,Snow,Truck,0,Icy,1970-01-01 04:00:00
Location_4720,Clear,Truck,6,Icy,1970-01-01 23:00:00
Location_4721,Snow,Truck,6,Wet,1970-01-01 17:00:00
Location_4722,Snow,Car,9,Wet,1970-01-01 05:00:00
Location_4723,Rain,Car,5,Wet,1970-01-01 09:00:00
Location_4724,Snow,Truck,3,Dry,1970-01-01 17:00:00
Location_4725,Rain,Motorcycle,7,Wet,1970-01-01 10:00:00
Location_4726,Rain,Motorcycle,1,Dry,1970-01-01 23:00:00
Location_4727,Snow,Motorcycle,1,Dry,1970-01-01 04:00:00
Location_4728,Clear,Truck,1,Icy,1970-01-01 02:00:00
Location_4729,Rain,Car,2,Icy,1970-01-01 17:00:00
Location_4730,Snow,Truck,5,Wet,1970-01-01 03:00:00
Location_4731,Rain,Motorcycle,0,Dry,1970-01-01 07:00:00
Location_4732,Clear,Car,1,Dry,1970-01-01 16:00:00
Location_4733,Clear,Truck,9,Dry,1970-01-01 09:00:00
Location_4734,Rain,Truck,1,Icy,1970-01-01 18:00:00
Location_4735,Clear,Motorcycle,0,Icy,1970-01-01 00:00:00
Location_4736,Snow,Truck,2,Icy,1970-01-01 01:00:00
Location_4737,Snow,Car,9,Icy,1970-01-01 10:00:00
Location_4738,Rain,Motorcycle,6,Icy,1970-01-01 14:00:00
Location_4739,Clear,Motorcycle,0,Icy,1970-01-01 22:00:00
Location_4740,Snow,Car,6,Wet,1970-01-01 00:00:00
Location_4741,Snow,Motorcycle,4,Wet,1970-01-01 08:00:00
Location_4742,Snow,Truck,8,Wet,1970-01-01 07:00:00
Location_4743,Rain,Truck,1,Wet,1970-01-01 00:00:00
Location_4744,Rain,Motorcycle,0,Dry,1970-01-01 09:00:00
Location_4745,Snow,Car,8,Icy,1970-01-01 16:00:00
Location_4746,Snow,Truck,7,Icy,1970-01-01 17:00:00
Location_4747,Clear,Car,9,Wet,1970-01-01 15:00:00
Location_4748,Clear,Truck,5,Dry,1970-01-01 01:00:00
Location_4749,Clear,Truck,4,Wet,1970-01-01 21:00:00
Location_4750,Rain,Motorcycle,7,Icy,1970-01-01 16:00:00
Location_4751,Snow,Motorcycle,7,Wet,1970-01-01 03:00:00
Location_4752,Rain,Car,4,Dry,1970-01-01 06:00:00
Location_4753,Snow,Motorcycle,6,Icy,1970-01-01 08:00:00
Location_4754,Clear,Truck,0,Dry,1970-01-01 02:00:00
Location_4755,Clear,Truck,3,Wet,1970-01-01 19:00:00
Location_4756,Clear,Car,1,Icy,1970-01-01 20:00:00
Location_4757,Clear,Car,9,Dry,1970-01-01 04:00:00
Location_4758,Snow,Truck,2,Dry,1970-01-01 17:00:00
Location_4759,Clear,Motorcycle,0,Dry,1970-01-01 20:00:00
Location_4760,Snow,Motorcycle,1,Icy,1970-01-01 16:00:00
Location_4761,Snow,Car,0,Icy,1970-01-01 06:00:00
Location_4762,Rain,Car,7,Wet,1970-01-01 13:00:00
Location_4763,Clear,Truck,3,Wet,1970-01-01 14:00:00
Location_4764,Clear,Truck,2,Icy,1970-01-01 20:00:00
Location_4765,Rain,Car,0,Dry,1970-01-01 21:00:00
Location_4766,Snow,Truck,1,Icy,1970-01-01 13:00:00
Location_4767,Clear,Car,2,Icy,1970-01-01 08:00:00
Location_4768,Snow,Car,2,Icy,1970-01-01 15:00:00
Location_4769,Rain,Motorcycle,5,Icy,1970-01-01 18:00:00
Location_4770,Snow,Car,9,Wet,1970-01-01 00:00:00
Location_4771,Clear,Truck,7,Wet,1970-01-01 07:00:00
Location_4772,Snow,Motorcycle,5,Dry,1970-01-01 17:00:00
Location_4773,Snow,Motorcycle,1,Icy,1970-01-01 01:00:00
Location_4774,Clear,Truck,1,Icy,1970-01-01 03:00:00
Location_4775,Clear,Truck,6,Wet,1970-01-01 20:00:00
Location_4776,Snow,Truck,0,Wet,1970-01-01 00:00:00
Location_4777,Snow,Car,0,Icy,1970-01-01 18:00:00
Location_4778,Rain,Motorcycle,6,Wet,1970-01-01 10:00:00
Location_4779,Clear,Car,8,Icy,1970-01-01 23:00:00
Location_4780,Snow,Car,4,Dry,1970-01-01 05:00:00
Location_4781,Clear,Car,0,Dry,1970-01-01 18:00:00
Location_4782,Rain,Car,4,Dry,1970-01-01 13:00:00
Location_4783,Snow,Motorcycle,0,Icy,1970-01-01 22:00:00
Location_4784,Snow,Motorcycle,9,Wet,1970-01-01 21:00:00
Location_4785,Snow,Car,8,Dry,1970-01-01 20:00:00
Location_4786,Clear,Truck,3,Icy,1970-01-01 23:00:00
Location_4787,Rain,Motorcycle,8,Dry,1970-01-01 23:00:00
Location_4788,Clear,Car,1,Dry,1970-01-01 18:00:00
Location_4789,Snow,Truck,6,Wet,1970-01-01 23:00:00
Location_4790,Rain,Truck,1,Icy,1970-01-01 12:00:00
Location_4791,Snow,Car,3,Wet,1970-01-01 11:00:00
Location_4792,Snow,Motorcycle,5,Wet,1970-01-01 09:00:00
Location_4793,Clear,Truck,1,Wet,1970-01-01 18:00:00
Location_4794,Snow,Motorcycle,1,Dry,1970-01-01 10:00:00
Location_4795,Rain,Motorcycle,1,Dry,1970-01-01 23:00:00
Location_4796,Snow,Truck,2,Dry,1970-01-01 23:00:00
Location_4797,Snow,Car,4,Icy,1970-01-01 11:00:00
Location_4798,Clear,Truck,8,Wet,1970-01-01 06:00:00
Location_4799,Rain,Truck,5,Dry,1970-01-01 07:00:00
Location_4800,Clear,Motorcycle,8,Wet,1970-01-01 16:00:00
Location_4801,Snow,Car,9,Wet,1970-01-01 02:00:00
Location_4802,Clear,Motorcycle,4,Wet,1970-01-01 05:00:00
Location_4803,Clear,Truck,5,Wet,1970-01-01 11:00:00
Location_4804,Clear,Car,9,Wet,1970-01-01 14:00:00
Location_4805,Clear,Car,7,Dry,1970-01-01 22:00:00
Location_4806,Snow,Car,2,Icy,1970-01-01 06:00:00
Location_4807,Snow,Car,1,Icy,1970-01-01 05:00:00
Location_4808,Rain,Car,2,Icy,1970-01-01 11:00:00
Location_4809,Clear,Truck,8,Icy,1970-01-01 11:00:00
Location_4810,Clear,Truck,5,Wet,1970-01-01 03:00:00
